{
  "enhanced_experiments": {
    "quantum_hybrid_optimization": {
      "sample_size": 2000,
      "control_groups": 3,
      "replications": 50,
      "cross_validation_folds": 10,
      "bootstrap_samples": 10000,
      "significance_level": 0.01,
      "power": 0.95,
      "effect_size": 0.25
    },
    "semantic_code_analysis": {
      "sample_size": 3000,
      "control_groups": 3,
      "replications": 50,
      "cross_validation_folds": 10,
      "bootstrap_samples": 10000,
      "significance_level": 0.01,
      "power": 0.95,
      "effect_size": 0.2
    },
    "consciousness_algorithm": {
      "sample_size": 1000,
      "control_groups": 3,
      "replications": 50,
      "cross_validation_folds": 10,
      "bootstrap_samples": 10000,
      "significance_level": 0.001,
      "power": 0.98,
      "effect_size": 0.4
    },
    "temporal_optimization": {
      "sample_size": 1500,
      "control_groups": 3,
      "replications": 50,
      "cross_validation_folds": 10,
      "bootstrap_samples": 10000,
      "significance_level": 0.001,
      "power": 0.98,
      "effect_size": 0.5
    }
  },
  "comparative_results": {
    "quantum_hybrid_optimization": {
      "experiment_id": "quantum_hybrid_optimization",
      "sample_size": 2000,
      "baseline_mean": 0.8506973833907638,
      "experimental_mean": 0.8622674149387322,
      "effect_size": 0.2346237318202373,
      "p_value": 0.003781836601566828,
      "significant": true,
      "confidence_interval": {
        "95%_ci": [
          0.008487278994270079,
          0.014651634925816026
        ],
        "99%_ci": [
          0.007618955200785374,
          0.015620661413607191
        ],
        "bootstrap_mean": 0.011562822213012016,
        "bootstrap_std": 0.001562088851294732
      },
      "cross_validation": {
        "fold_results": [
          {
            "fold": 0,
            "effect_size": 0.23562157680855322,
            "baseline_mean": 0.8506141856908753,
            "experimental_mean": 0.8622674149387322
          },
          {
            "fold": 1,
            "effect_size": 0.224716144386202,
            "baseline_mean": 0.8511453256976812,
            "experimental_mean": 0.8622674149387322
          },
          {
            "fold": 2,
            "effect_size": 0.2341294595240359,
            "baseline_mean": 0.8507947889810344,
            "experimental_mean": 0.8622674149387322
          },
          {
            "fold": 3,
            "effect_size": 0.23766040182305792,
            "baseline_mean": 0.8505540688198334,
            "experimental_mean": 0.8622674149387322
          },
          {
            "fold": 4,
            "effect_size": 0.24103713743167904,
            "baseline_mean": 0.850378547764395,
            "experimental_mean": 0.8622674149387322
          },
          {
            "fold": 5,
            "effect_size": 0.22910744128783947,
            "baseline_mean": 0.8506973833907638,
            "experimental_mean": 0.8620092290135618
          },
          {
            "fold": 6,
            "effect_size": 0.2430677683948314,
            "baseline_mean": 0.8506973833907638,
            "experimental_mean": 0.862646556849393
          },
          {
            "fold": 7,
            "effect_size": 0.23532523536905212,
            "baseline_mean": 0.8506973833907638,
            "experimental_mean": 0.8623623028484425
          },
          {
            "fold": 8,
            "effect_size": 0.22705907747487664,
            "baseline_mean": 0.8506973833907638,
            "experimental_mean": 0.8619188877547239
          },
          {
            "fold": 9,
            "effect_size": 0.23864480520453982,
            "baseline_mean": 0.8506973833907638,
            "experimental_mean": 0.8624000982275397
          }
        ],
        "mean_effect_size": 0.23463690477046675,
        "std_effect_size": 0.005704104120104348,
        "cv_stability": 0.9756896549343574
      },
      "statistical_power": 0.6,
      "quality_metrics": {
        "sample_size_adequacy": "adequate",
        "effect_size_magnitude": "small",
        "statistical_power": 0.6,
        "significance_stringency": "high",
        "overall_quality": "excellent"
      }
    },
    "semantic_code_analysis": {
      "experiment_id": "semantic_code_analysis",
      "sample_size": 3000,
      "baseline_mean": 0.7799337824447156,
      "experimental_mean": 0.7888458285908971,
      "effect_size": 0.23127610477964114,
      "p_value": 0.004322668711961901,
      "significant": true,
      "confidence_interval": {
        "95%_ci": [
          0.006958102220549467,
          0.010872157748303045
        ],
        "99%_ci": [
          0.006360692919197045,
          0.01147005651882528
        ],
        "bootstrap_mean": 0.00891984436448585,
        "bootstrap_std": 0.0009962155681301848
      },
      "cross_validation": {
        "fold_results": [
          {
            "fold": 0,
            "effect_size": 0.2175890420417686,
            "baseline_mean": 0.780443785228538,
            "experimental_mean": 0.7888458285908971
          },
          {
            "fold": 1,
            "effect_size": 0.23211071704155686,
            "baseline_mean": 0.7798676973942975,
            "experimental_mean": 0.7888458285908971
          },
          {
            "fold": 2,
            "effect_size": 0.25161863806488677,
            "baseline_mean": 0.7791490598752495,
            "experimental_mean": 0.7888458285908971
          },
          {
            "fold": 3,
            "effect_size": 0.2319548655962903,
            "baseline_mean": 0.7799146395754917,
            "experimental_mean": 0.7888458285908971
          },
          {
            "fold": 4,
            "effect_size": 0.22313250000666454,
            "baseline_mean": 0.7802937301500013,
            "experimental_mean": 0.7888458285908971
          },
          {
            "fold": 5,
            "effect_size": 0.23123559052948617,
            "baseline_mean": 0.7799337824447156,
            "experimental_mean": 0.7888422277733563
          },
          {
            "fold": 6,
            "effect_size": 0.23278846424860683,
            "baseline_mean": 0.7799337824447156,
            "experimental_mean": 0.7888914780191486
          },
          {
            "fold": 7,
            "effect_size": 0.22853972223545768,
            "baseline_mean": 0.7799337824447156,
            "experimental_mean": 0.7887611612198355
          },
          {
            "fold": 8,
            "effect_size": 0.2288396129551441,
            "baseline_mean": 0.7799337824447156,
            "experimental_mean": 0.7887592921201229
          },
          {
            "fold": 9,
            "effect_size": 0.23499611649775518,
            "baseline_mean": 0.7799337824447156,
            "experimental_mean": 0.7889749838220228
          }
        ],
        "mean_effect_size": 0.2312805269217617,
        "std_effect_size": 0.00835572489650345,
        "cv_stability": 0.9638719047914914
      },
      "statistical_power": 0.6,
      "quality_metrics": {
        "sample_size_adequacy": "adequate",
        "effect_size_magnitude": "small",
        "statistical_power": 0.6,
        "significance_stringency": "high",
        "overall_quality": "excellent"
      }
    },
    "consciousness_algorithm": {
      "experiment_id": "consciousness_algorithm",
      "sample_size": 1000,
      "baseline_mean": 0.719956301580378,
      "experimental_mean": 0.7448327976197162,
      "effect_size": 0.4402415627172504,
      "p_value": 0.0006926134461369359,
      "significant": true,
      "confidence_interval": {
        "95%_ci": [
          0.01996089088339803,
          0.029787234723851353
        ],
        "99%_ci": [
          0.018470905555311903,
          0.031315587605530756
        ],
        "bootstrap_mean": 0.02484695995123023,
        "bootstrap_std": 0.0025169164988707833
      },