{
  "metadata": {
    "n_samples": 10000,
    "n_features": 50,
    "complexity": "medium",
    "generation_seed": 42,
    "noise_level": 0.2
  },
  "feature_names": [
    "code_metric_0",
    "code_metric_1",
    "code_metric_2",
    "code_metric_3",
    "code_metric_4",
    "code_metric_5",
    "code_metric_6",
    "code_metric_7",
    "code_metric_8",
    "code_metric_9",
    "code_metric_10",
    "code_metric_11",
    "complexity_metric_0",
    "complexity_metric_1",
    "complexity_metric_2",
    "complexity_metric_3",
    "complexity_metric_4",
    "complexity_metric_5",
    "complexity_metric_6",
    "complexity_metric_7",
    "complexity_metric_8",
    "complexity_metric_9",
    "complexity_metric_10",
    "complexity_metric_11",
    "quality_metric_0",
    "quality_metric_1",
    "quality_metric_2",
    "quality_metric_3",
    "quality_metric_4",
    "quality_metric_5",
    "quality_metric_6",
    "quality_metric_7",
    "quality_metric_8",
    "quality_metric_9",
    "quality_metric_10",
    "quality_metric_11",
    "performance_metric_0",
    "performance_metric_1",
    "performance_metric_2",
    "performance_metric_3",
    "performance_metric_4",
    "performance_metric_5",
    "performance_metric_6",
    "performance_metric_7",
    "performance_metric_8",
    "performance_metric_9",
    "performance_metric_10",
    "performance_metric_11",
    "performance_metric_12",
    "performance_metric_13"
  ],
  "sample_statistics": {
    "feature_means": [
      -0.016021186717842775,
      -0.00876094863527338,
      -0.011281639146220837,
      0.010717073906686294,
      -0.0015139493681316678,
      0.01081693665928223,
      0.010777061994261612,
      -0.005076502936831671,
      0.005777795673624578,
      -0.003120711083609071,
      0.010254649489409724,
      0.01726180137664736,
      0.011637515011837766,
      0.009832742268187993,
      0.008954307497936582,
      0.017026514811735397,
      -0.006427699129806825,
      0.009283585868342265,
      -0.016963311117139016,
      -0.005548426707061326,
      -0.01243898493131258,
      -0.012253328838565853,
      -0.0017907790839638389,
      -0.011704832070863798,
      0.02005126407498629,
      0.013489440978282422,
      -0.0012912365225846215,
      0.009214793197750787,
      0.008825639885696452,
      -0.014100011247858651,
      0.01194812407732824,
      -0.0010948181384588043,
      -0.011923050904763722,
      -0.020222600395064197,
      -0.006051526271215584,
      0.0023539792660788768,
      0.007795224126495644,
      0.026679737730455146,
      -0.013976747115724256,
      0.005063672919972234,
      -0.004585988883545125,
      -0.025796299261822985,
      0.004564336794869939,
      -0.003818510502518651,
      0.015478538053014648,
      -0.006687615852802775,
      0.021546237938631956,
      -0.01699820500711241,
      -0.004442786013495828,
      -0.004368226912405522
    ],
    "feature_stds": [
      1.1287149002758938,
      1.1410269462825453,
      1.0681197701055372,
      1.116050376078381,
      1.1428165941940174,
      1.1204846173085,
      1.1113918553032764,
      1.0782593971378622,
      1.1439481122342385,
      1.047787851285218,
      1.1263824607296988,
      1.1028696213906684,
      1.1501150616922926,
      1.089778409800877,
      1.0882154615842115,
      1.1503695434561192,
      1.117219806527898,
      1.0788945040380633,
      1.1399559617897157,
      1.1181236934812984,
      1.1071202004318683,
      1.10890399923096,
      1.1625593573972313,
      1.067230749928082,
      1.1072464023281834,
      1.0812327462034603,
      1.0450041113290085,
      1.1284994216065907,
      1.1410674291592582,
      1.115407740154484,
      1.0974096192385936,
      1.1092854346371535,
      1.1214835795145184,
      1.1586891043423717,
      1.0693198538972823,
      1.1757155977124587,
      1.0702371602318348,
      1.0463020937927685,
      1.1214311767566636,
      1.1422577760882315,
      1.1568212585214244,
      1.163142256357825,
      1.110382268303181,
      1.09330749416113,
      1.1696181899455893,
      1.052334270961201,
      1.1524860548481346,
      1.0568804146326058,
      1.0785710255047005,
      1.0990146931499651
    ],
    "target_mean": 0.11069946830079837,
    "target_std": 12.495937581006174
  }
}